percentile,market_share_industry_group
p25,0.015041356877251768
p50,0.03494048565859244
p75,0.08190870230424384
