percentile,rollover_12m
p25,0.02505557892206934
p50,0.07798312146138234
p75,0.1430549628553935
